slug,title
two-sum,Two Sum
reverse-linked-list,Reverse Linked List
valid-parentheses,Valid Parentheses
maximum-subarray,Maximum Subarray
binary-search,Binary Search
valid-palindrome,Valid Palindrome
container-with-most-water,Container With Most Water
maximum-depth-of-binary-tree,Maximum Depth of Binary Tree
subsets,Subsets
number-of-islands,Number of Islands
longest-substring-without-repeating-characters,Longest Substring Without Repeating Characters
validate-binary-search-tree,Validate Binary Search Tree
kth-largest-element-in-an-array,Kth Largest Element in an Array
rotate-image,Rotate Image
merge-intervals,Merge Intervals
climbing-stairs,Climbing Stairs
product-of-array-except-self,Product of Array Except Self
coin-change,Coin Change
3sum,3Sum
merge-two-sorted-lists,Merge Two Sorted Lists
lowest-common-ancestor-of-a-binary-tree,Lowest Common Ancestor of a Binary Tree
search-in-rotated-sorted-array,Search in Rotated Sorted Array
implement-trie-prefix-tree,Implement Trie (Prefix Tree)
min-stack,Min Stack
top-k-frequent-elements,Top K Frequent Elements
course-schedule,Course Schedule
house-robber,House Robber
longest-increasing-subsequence,Longest Increasing Subsequence
network-delay-time,Network Delay Time
counting-bits,Counting Bits
word-search,Word Search
non-overlapping-intervals,Non-overlapping Intervals
spiral-matrix,Spiral Matrix
linked-list-cycle,Linked List Cycle
subsets-ii,Subsets II
fizz-buzz,Fizz Buzz
contains-duplicate,Contains Duplicate
valid-anagram,Valid Anagram
best-time-to-buy-and-sell-stock,Best Time to Buy and Sell Stock
single-number,Single Number
merge-sorted-array,Merge Sorted Array
palindrome-linked-list,Palindrome Linked List
invert-binary-tree,Invert Binary Tree
missing-number,Missing Number
move-zeroes,Move Zeroes
intersection-of-two-linked-lists,Intersection of Two Linked Lists
majority-element,Majority Element
reverse-bits,Reverse Bits
square-root,Sqrt(x)
remove-duplicates-from-sorted-array,Remove Duplicates from Sorted Array
cloned-tree-node,Find a Corresponding Node of a Binary Tree in a Clone of That Tree
pascals-triangle,Pascal's Triangle
valid-palindrome-ii,Valid Palindrome II
remove-linked-list-elements,Remove Linked List Elements
symmetric-tree,Symmetric Tree
diameter-of-binary-tree,Diameter of Binary Tree
plus-one,Plus One
add-binary,Add Binary
length-of-last-word,Length of Last Word
intersection-of-two-arrays,Intersection of Two Arrays
longst-palindromic-substring,Longest Palindromic Substring
permutations,Permutations
remove-nth-node-from-end-of-list,Remove Nth Node From End of List
coin-change-ii,Coin Change II
word-break,Word Break
pacific-atlantic-water-flow,Pacific Atlantic Water Flow
find-minimum-in-rotated-sorted-array,Find Minimum in Rotated Sorted Array
lru-cache,LRU Cache
combination-sum,Combination Sum
longest-common-subsequence,Longest Common Subsequence
jump-game,Jump Game
longest-repeating-character-replacement,Longest Repeating Character Replacement
unique-paths,Unique Paths
construct-binary-tree-from-preorder-and-inorder-traversal,Construct Binary Tree from Preorder and Inorder Traversal
redundant-connection,Redundant Connection
longest-palindromic-substring,Longest Palindromic Substring
group-anagrams,Group Anagrams
add-two-numbers,Add Two Numbers
copy-list-with-random-pointer,Copy List with Random Pointer
binary-tree-level-order-traversal,Binary Tree Level Order Traversal
k-closest-points-to-origin,K Closest Points to Origin
gas-station,Gas Station
daily-temperatures,Daily Temperatures
partition-labels,Partition Labels
generate-parentheses,Generate Parentheses
sort-colors,Sort Colors
house-robber-ii,House Robber II
longest-consecutive-sequence,Longest Consecutive Sequence
search-a-2d-matrix,Search a 2D Matrix
set-matrix-zeroes,Set Matrix Zeroes
find-all-anagrams-in-a-string,Find All Anagrams in a String
rotting-oranges,Rotting Oranges
kth-smallest-element-in-a-bst,Kth Smallest Element in a BST
course-schedule-ii,Course Schedule II
reorder-list,Reorder List
validate-ip-address,Validate IP Address
median-of-two-sorted-arrays,Median of Two Sorted Arrays
trapping-rain-water,Trapping Rain Water
regular-expression-matching,Regular Expression Matching
merge-k-sorted-lists,Merge k Sorted Lists
sliding-window-maximum,Sliding Window Maximum
edit-distance,Edit Distance
minimum-window-substring,Minimum Window Substring
serialize-and-deserialize-binary-tree,Serialize and Deserialize Binary Tree
longest-valid-parentheses,Longest Valid Parentheses
n-queens,N-Queens
binary-tree-maximum-path-sum,Binary Tree Maximum Path Sum
word-ladder,Word Ladder
first-missing-positive,First Missing Positive
sudoku-solver,Sudoku Solver
burst-balloons,Burst Balloons
largest-rectangle-in-histogram,Largest Rectangle in Histogram
maximal-rectangle,Maximal Rectangle
wildcard-matching,Wildcard Matching
n-queens-ii,N-Queens II
reverse-nodes-in-k-group,Reverse Nodes in k-Group
critical-connections-in-a-network,Critical Connections in a Network
remove-invalid-parentheses,Remove Invalid Parentheses
word-break-ii,Word Break II
frog-jump,Frog Jump
expression-add-operators,Expression Add Operators